<Bindings>
	<Binding name="CURATORCLASSIC_ACCOUNT_LIST" header="CURATORCLASSIC" category="ADDONS">
		CuratorClassicHandleKeyPress(GetBindingKey("CURATORCLASSIC_ACCOUNT_LIST"));
	</Binding>
	<Binding name="CURATORCLASSIC_CHARACTER_LIST" category="ADDONS">
		CuratorClassicHandleKeyPress(GetBindingKey("CURATORCLASSIC_CHARACTER_LIST"));
	</Binding>
	<Binding name="CURATORCLASSIC_DISABLE_DISPLAY_INFO" category="ADDONS">
		CuratorClassicHandleKeyPress(GetBindingKey("CURATORCLASSIC_DISABLE_DISPLAY_INFO"));
	</Binding>
	<Binding name="CURATORCLASSIC_CHEAPEST_ITEM" category="ADDONS">
		CuratorClassicHandleKeyPress(GetBindingKey("CURATORCLASSIC_CHEAPEST_ITEM"));
	</Binding>
</Bindings>